INSERT INTO CustomerMaster(
    customer_num,
    last_name,
    first_name,
    email,
    phone_num,
    prefecture,
    city,
    street_name,
    block_num,
    building_name,
    room_num,
    gender,
    points
)
VALUES
    ('00001','田中','太郎','taro.tanaka@example.com','09012345678','東京都','千代田区','一ツ橋','1-1-1','東京国際フォーラム','101A','男性','1200'),
    ('00002','鈴木','花子','hanako.suzuki@example.com','08098765432','神奈川県','横浜市西区','みなとみらい','3-5-8','クイーンズスクエア横浜','205B','女性','350'),
    ('00003','高橋','一郎','ichiro.takahashi@example.com','07054321876','大阪府','大阪市北区','大淀中','4-8-11','梅田スカイビル','501','男性','5000'),
    ('00004','佐藤','次郎','jiro.sato@example.com','09011223344','北海道','札幌市中央区','南三条西','6-7-2','JRタワーホテル日航札幌','1202','男性','4200'),
    ('00005','山本','三子','miko.yamamoto@example.com','09055667788','福岡県','福岡市博多区','博多駅前','2-8-15','キャナルシティ博多','708','女性','850'),
    ('00006','小林','四郎','shiro.kobayashi@example.com','08077665544','愛知県','名古屋市中村区','名駅','5-4-3','JRゲートタワー','2103','男性','2900'),
    ('00007','中村','五郎','goro.nakamura@example.com','07033221144','京都府','京都市中京区','河原町通','1-6-9','京都タワーホテル','1205','男性','420'),
    ('00008','林','美咲','misaki.hayashi@example.com','09066554433','千葉県','千葉市中央区','中央','8-3-2','幕張メッセ','703','女性','2300'),
    ('00009','松本','健一','kenichi.matsumoto@example.com','08099887766','兵庫県','神戸市中央区','三宮町','9-12-7','ポートピアホテル','901','男性','800'),
    ('00010','伊藤','明美','akemi.ito@example.com','07044556677','広島県','広島市中区','大手町','2-5-10','リーガロイヤルホテル広島','1201','女性','4600'),
    ('00011','山田','真','makoto.yamada@example.com','09022112233','宮城県','仙台市青葉区','本町','3-2-15','仙台国際ホテル','802','男性','1500'),
    ('00012','加藤','千尋','chihiro.kato@example.com','08077445566','熊本県','熊本市中央区','下通','1-9-5','グランメッセ熊本','501B','女性','990'),
    ('00013','井上','進','susumu.inoue@example.com','09066778899','静岡県','静岡市葵区','両替町','4-10-12','静岡グランホテル','703','男性','3000'),
    ('00014','森','京子','kyoko.mori@example.com','08099887766','愛媛県','松山市三番町','三番町','3-8-11','松山全日空ホテル','905A','女性','470'),
    ('00015','石井','英子','eiko.ishii@example.com','09055443322','沖縄県','那覇市牧志','国際通り','1-3-18','沖縄ハーバービューホテル','101C','女性','5200'),
    ('00016','木村','勇気','yuki.kimura@example.com','08077665544','長崎県','長崎市浜町','観光通','2-7-9','長崎全日空ホテル','606B','男性','800'),
    ('00017','近藤','仁','hiroshi.kondo@example.com','07033445566','栃木県','宇都宮市馬場通り','宇都宮通り','5-11-8','宇都宮グランドホテル','203','男性','1600'),
    ('00018','吉田','奈美','nami.yoshida@example.com','09055443322','三重県','四日市市安島','安島通り','6-5-10','四日市都ホテル','1207','女性','2400'),
    ('00019','福田','希','nozomi.fukuda@example.com','09033445566','富山県','富山市桜町','桜町通り','3-8-9','富山全日空ホテル','503C','女性','920'),
    ('00020','渡辺','智子','tomoko.watanabe@example.com','08066778844','福井県','福井市大手','大手通','2-10-5','福井グランドホテル','105A','女性','3400'),
    ('00021','原田','悠','harada.yu@example.com','09023456789','茨城県','水戸市中央','水戸通り','2-5-6','サンシャインマンション水戸','203','男性','1500'),
    ('00022','黒田','花','kuroda.hana@example.com','08098712345','群馬県','前橋市本町','本町通り','3-7-9','グリーンパークアパート前橋','405B','女性','800'),
    ('00023','長谷川','大翔','hasegawa.hiroto@example.com','07056341234','埼玉県','さいたま市中央区','中央通り','1-4-11','ライフガーデンさいたまマンション','608','男性','3100'),
    ('00024','西村','美穂','nishimura.miho@example.com','09034455677','岐阜県','岐阜市柳津町','柳津通り','6-8-10','アーバンシティ岐阜','801A','女性','4000'),
    ('00025','大野','光','ono.hikaru@example.com','08055443388','滋賀県','大津市中央','大津通り','3-6-5','サンフラワー大津マンション','102','男性','1200'),
    ('00026','小島','夏海','kojima.natsumi@example.com','07066778822','山梨県','甲府市中央','甲府通り','2-10-9','スカイヒルズ甲府アパート','303C','女性','700'),
    ('00027','島田','春','shimada.haru@example.com','09078866554','和歌山県','和歌山市本町','本町通り','4-9-8','コスモス和歌山レジデンス','506','男性','1100'),
    ('00028','青山','陽子','aoyama.yoko@example.com','08044559988','山形県','山形市本町','本町通り','5-12-6','ベルエア山形アパート','701','女性','520'),
    ('00029','安藤','新','ando.arata@example.com','07066778822','高知県','高知市本町','本町通り','7-5-3','サザンパーク高知マンション','405B','男性','2100'),
    ('00030','岡田','美咲','okada.misaki@example.com','09088997744','石川県','金沢市本町','本町通り','8-9-7','ランドスケープ金沢マンション','1202','女性','3000'),
    ('00031','佐々木','健太','SasakiKenta.be.tkfh9@example.com','09000000031','青森県','青森市','中央通り','1-1-1','サンシャインマンション','101A','男性','100'),
    ('00032','山崎','花子','YamazakiHanako..n_u8ivg@example.com','09000000032','岩手県','盛岡市','本町通り','2-3-5','グリーンパークアパート','202B','女性','200'),
    ('00033','藤田','太郎','FujitaTaro.uthcui-o@example.com','09000000033','秋田県','秋田市','駅前通り','5-8-12','スカイヒルズマンション','303C','無し','300'),
    ('00034','森田','美咲','MoritaMisaki.bdrkijat@example.com','09000000034','山形県','山形市','桜通り','3-6-9','アーバンシティアパート','404D','男性','400'),
    ('00035','石田','翔太','IshidaShota.mnadt9gt@example.com','09000000035','福島県','福島市','西通り','7-5-3','ランドスケープマンション','505E','女性','500'),
    ('00036','中川','春菜','NakagawaHaruna.nj2vlm_e@example.com','09000000036','新潟県','新潟市','東通り','4-4-4','フォレストレジデンス','606F','無し','600'),
    ('00037','杉山','悠','SugiyamaYu.08kk6326@example.com','09000000037','長野県','長野市','南通り','6-9-10','シティライフアパート','707G','男性','700'),
    ('00038','小野','夏海','OnoNatsumi.8-v_bf6s@example.com','09000000038','富山県','富山市','北通り','8-10-7','グランドタワーマンション','808H','女性','800'),
    ('00039','原田','陽子','Haradaproton.r_ep380z@example.com','09000000039','石川県','金沢市','緑通り','9-9-9','コスモスレジデンス','909I','無し','900'),
    ('00040','青木','光','Aokilight.90f7-9jy@example.com','09000000040','福井県','福井市','白銀通り','10-11-12','メゾン青空','1001J','男性','1000'),
    ('00041','佐々木','健太','SasakiKenta.2dhld5v7@example.com','09000000041','青森県','青森市','中央通り','1-1-1','サンシャインマンション','101A','女性','1100'),
    ('00042','山崎','花子','YamazakiHanako.qigtk41w@example.com','09000000042','岩手県','盛岡市','本町通り','2-3-5','グリーンパークアパート','202B','無し','1200'),
    ('00043','藤田','太郎','FujitaTaro.ki_f4hns@example.com','09000000043','秋田県','秋田市','駅前通り','5-8-12','スカイヒルズマンション','303C','男性','1300'),
    ('00044','森田','美咲','MoritaMisaki.mgzhg7yz@example.com','09000000044','山形県','山形市','桜通り','3-6-9','アーバンシティアパート','404D','女性','1400'),
    ('00045','石田','翔太','IshidaShota.fkf1zs3a@example.com','09000000045','福島県','福島市','西通り','7-5-3','ランドスケープマンション','505E','無し','1500'),
    ('00046','中川','春菜','NakagawaHaruna.s6.vo6n8@example.com','09000000046','新潟県','新潟市','東通り','4-4-4','フォレストレジデンス','606F','男性','1600'),
    ('00047','杉山','悠','SugiyamaYu.-qvo295f@example.com','09000000047','長野県','長野市','南通り','6-9-10','シティライフアパート','707G','女性','1700'),
    ('00048','小野','夏海','OnoNatsumi.8j3fkqos@example.com','09000000048','富山県','富山市','北通り','8-10-7','グランドタワーマンション','808H','無し','1800'),
    ('00049','原田','陽子','Haradaproton.v96ppkz7@example.com','09000000049','石川県','金沢市','緑通り','9-9-9','コスモスレジデンス','909I','男性','1900'),
    ('00050','青木','光','Aokilight.utn4dq-t@example.com','09000000050','福井県','福井市','白銀通り','10-11-12','メゾン青空','1001J','女性','2000'),
    ('00051','佐々木','健太','SasakiKenta.2sc2n17-@example.com','09000000051','青森県','青森市','中央通り','1-1-1','サンシャインマンション','101A','無し','2100'),
    ('00052','山崎','花子','YamazakiHanako.8h5_x-c6@example.com','09000000052','岩手県','盛岡市','本町通り','2-3-5','グリーンパークアパート','202B','男性','2200'),
    ('00053','藤田','太郎','FujitaTaro.cr6k9s.4@example.com','09000000053','秋田県','秋田市','駅前通り','5-8-12','スカイヒルズマンション','303C','女性','2300'),
    ('00054','森田','美咲','MoritaMisaki.4-5n.n9i@example.com','09000000054','山形県','山形市','桜通り','3-6-9','アーバンシティアパート','404D','無し','2400'),
    ('00055','石田','翔太','IshidaShota.s8zvq7ve@example.com','09000000055','福島県','福島市','西通り','7-5-3','ランドスケープマンション','505E','男性','2500'),
    ('00056','中川','春菜','NakagawaHaruna.d0mg_gjf@example.com','09000000056','新潟県','新潟市','東通り','4-4-4','フォレストレジデンス','606F','女性','2600'),
    ('00057','杉山','悠','SugiyamaYu.89f0ce7.@example.com','09000000057','長野県','長野市','南通り','6-9-10','シティライフアパート','707G','無し','2700'),
    ('00058','小野','夏海','OnoNatsumi.5gw12v9.@example.com','09000000058','富山県','富山市','北通り','8-10-7','グランドタワーマンション','808H','男性','2800'),
    ('00059','原田','陽子','Haradaproton.l7nci..b@example.com','09000000059','石川県','金沢市','緑通り','9-9-9','コスモスレジデンス','909I','女性','2900'),
    ('00060','青木','光','Aokilight.pc27j0ei@example.com','09000000060','福井県','福井市','白銀通り','10-11-12','メゾン青空','1001J','無し','3000'),
    ('00061','佐々木','健太','SasakiKenta.9zlr85av@example.com','09000000061','青森県','青森市','中央通り','1-1-1','サンシャインマンション','101A','男性','3100'),
    ('00062','山崎','花子','YamazakiHanako.0ymhov7n@example.com','09000000062','岩手県','盛岡市','本町通り','2-3-5','グリーンパークアパート','202B','女性','3200'),
    ('00063','藤田','太郎','FujitaTaro.ejhxt0xi@example.com','09000000063','秋田県','秋田市','駅前通り','5-8-12','スカイヒルズマンション','303C','無し','3300'),
    ('00064','森田','美咲','MoritaMisaki.m-cu6rds@example.com','09000000064','山形県','山形市','桜通り','3-6-9','アーバンシティアパート','404D','男性','3400'),
    ('00065','石田','翔太','IshidaShota.lfwpbmkk@example.com','09000000065','福島県','福島市','西通り','7-5-3','ランドスケープマンション','505E','女性','3500'),
    ('00066','中川','春菜','NakagawaHaruna.nsxlckux@example.com','09000000066','新潟県','新潟市','東通り','4-4-4','フォレストレジデンス','606F','無し','3600'),
    ('00067','杉山','悠','SugiyamaYu.r99sxarh@example.com','09000000067','長野県','長野市','南通り','6-9-10','シティライフアパート','707G','男性','3700'),
    ('00068','小野','夏海','OnoNatsumi.8sa7kh_w@example.com','09000000068','富山県','富山市','北通り','8-10-7','グランドタワーマンション','808H','女性','3800'),
    ('00069','原田','陽子','Haradaproton.912yrvjp@example.com','09000000069','石川県','金沢市','緑通り','9-9-9','コスモスレジデンス','909I','無し','3900'),
    ('00070','青木','光','Aokilight.vwwe_xo7@example.com','09000000070','福井県','福井市','白銀通り','10-11-12','メゾン青空','1001J','男性','4000'),
    ('00071','佐々木','健太','SasakiKenta.nxfyj.em@example.com','09000000071','青森県','青森市','中央通り','1-1-1','サンシャインマンション','101A','女性','4100'),
    ('00072','山崎','花子','YamazakiHanako.k0n24m9q@example.com','09000000072','岩手県','盛岡市','本町通り','2-3-5','グリーンパークアパート','202B','無し','4200'),
    ('00073','藤田','太郎','FujitaTaro.2mpwl9l.@example.com','09000000073','秋田県','秋田市','駅前通り','5-8-12','スカイヒルズマンション','303C','男性','4300'),
    ('00074','森田','美咲','MoritaMisaki.g10xb.jp@example.com','09000000074','山形県','山形市','桜通り','3-6-9','アーバンシティアパート','404D','女性','4400'),
    ('00075','石田','翔太','IshidaShota.zpi10kxb@example.com','09000000075','福島県','福島市','西通り','7-5-3','ランドスケープマンション','505E','無し','4500'),
    ('00076','中川','春菜','NakagawaHaruna.vvyezk2e@example.com','09000000076','新潟県','新潟市','東通り','4-4-4','フォレストレジデンス','606F','男性','4600'),
    ('00077','杉山','悠','SugiyamaYu.q_79i_.q@example.com','09000000077','長野県','長野市','南通り','6-9-10','シティライフアパート','707G','女性','4700'),
    ('00078','小野','夏海','OnoNatsumi.dv.9xurj@example.com','09000000078','富山県','富山市','北通り','8-10-7','グランドタワーマンション','808H','無し','4800'),
    ('00079','原田','陽子','Haradaproton.wz.kxf8n@example.com','09000000079','石川県','金沢市','緑通り','9-9-9','コスモスレジデンス','909I','男性','4900'),
    ('00080','青木','光','Aokilight..ne_hpi9@example.com','09000000080','福井県','福井市','白銀通り','10-11-12','メゾン青空','1001J','女性','5000')
;


INSERT INTO Branch(branch_num,branch_name)
VALUES
    ('01','茅場町店'),
    ('02','秋葉原店'),
    ('03','上野店')
;

INSERT INTO Category(category_num,category_name)
VALUES
    ('11','健康食品'),
    ('12','洗剤'),
    ('13','第３類薬品'),
    ('15','おむつ'),
    ('20','糸ようじ'),
    ('21','歯磨き粉'),
    ('22','歯ブラシ')
;

INSERT INTO ItemMaster(item_num, category_num, manufacturer, item_name_name, unit_price, stock_quantity)
VALUES
    ('a0001','11','サンスター','緑でサラナ',1540,20),
    ('a0002','13','太田製薬','太田胃散',1200,21),
    ('b0003','13','第一三共','新三共胃腸薬',1300,22),
    ('c0004','21','サンスター','サンスターGUM',900,23),
    ('d0005','22','ライオン','ライオン歯ブラシA１',400,24),
    ('e0006','12','P＆G','アタック',500,25),
    ('f0007','15','ユニ・チャーム','乳児おむつB2',2500,26),
    ('g0008','20','ライオン','糸ようじS',300,27),
    ('h0009','13','大田製薬','大田腸のくすり',1100,28),
    ('i0010','13','大正製薬','リポビタンD',150,29),
    ('j0011','11','ファンケル','青汁健康',1800,30),
    ('k0012','13','小林製薬','ハイチオールB',2000,31),
    ('l0013','13','エーザイ','チョコラBB',1500,32),
    ('m0014','21','ライオン','クリニカ',600,33),
    ('n0015','22','サンスター','GUMデンタルブラシ',450,34),
    ('o0016','12','花王','ニュービーズ',550,35),
    ('p0017','15','ムーニー','ムーニーマンM',2800,36),
    ('q0018','20','ピジョン','乳幼児用糸ようじ',350,37),
    ('r0019','13','ロート製薬','メンソレータム',750,38),
    ('s0020','13','久光製薬','フェイタスZ',850,39),
    ('t0021','11','山田養蜂場','プロポリス',3200,40),
    ('u0022','13','資生堂','エリクシール',2500,41),
    ('v0023','13','中外製薬','パントシンC',1800,42),
    ('w0024','21','オーラルケア','クリーンデンタル',850,43),
    ('x0025','22','オーラルケア','デンタルブラシDX',500,44),
    ('y0026','12','アタック','アタックZERO',750,45),
    ('z0027','15','パンパース','パンパースL',3000,46),
    ('a0028','20','GUM','スーパースリム糸ようじ',400,47),
    ('b0029','13','武田薬品','アリナミンEX',2500,48),
    ('c0030','13','大正製薬','パブロンゴールドA',1700,49)
;

INSERT INTO OrderData(order_num, order_date, customer_num, item_num, unit_price, quantity, branch_num)
VALUES
    (1,'2024/10/10','00001','a0001',1540,5,'02'),
    (2,'2024/10/11','00002','a0002',1541,3,'01'),
    (3,'2024/10/12','00003','b0003',1542,7,'01'),
    (4,'2024/10/13','00004','c0004',1543,10,'02'),
    (5,'2024/10/14','00005','d0005',1544,20,'03'),
    (6,'2024/10/15','00006','e0006',1545,15,'02'),
    (7,'2024/10/16','00007','f0007',1546,4,'01'),
    (8,'2024/10/17','00008','g0008',1547,25,'01'),
    (9,'2024/10/18','00009','h0009',1548,2,'01'),
    (10,'2024/10/19','00010','i0010',1549,50,'01'),
    (11,'2024/10/20','00011','j0011',1550,6,'01'),
    (12,'2024/10/21','00012','k0012',1551,3,'02'),
    (13,'2024/10/22','00013','l0013',1552,8,'02'),
    (14,'2024/10/23','00014','m0014',1553,12,'02'),
    (15,'2024/10/24','00015','n0015',1554,18,'03'),
    (16,'2024/10/25','00016','o0016',1555,7,'03'),
    (17,'2024/10/26','00017','p0017',1556,3,'03'),
    (18,'2024/10/27','00018','q0018',1557,22,'03'),
    (19,'2024/10/28','00019','r0019',1558,14,'02'),
    (20,'2024/10/29','00020','s0020',1559,9,'01'),
    (21,'2024/10/30','00021','t0021',1560,2,'03'),
    (22,'2024/10/31','00022','u0022',1561,5,'02'),
    (23,'2024/11/01','00023','v0023',1562,6,'03'),
    (24,'2024/11/02','00024','w0024',1563,10,'02'),
    (25,'2024/11/03','00025','x0025',1564,15,'01'),
    (26,'2024/11/04','00026','y0026',1565,20,'01'),
    (27,'2024/11/05','00027','z0027',1566,3,'01'),
    (28,'2024/11/06','00028','a0028',1567,28,'01'),
    (29,'2024/11/07','00029','b0029',1568,5,'01'),
    (30,'2024/11/08','00030','c0030',1569,7,'02')
;
